<?xml version="1.0" encoding="UTF-8"?>
<project-private xmlns="http://www.netbeans.org/ns/project-private/1">
    <editor-bookmarks xmlns="http://www.netbeans.org/ns/editor-bookmarks/2" lastBookmarkId="0"/>
    <open-files xmlns="http://www.netbeans.org/ns/projectui-open-files/2">
        <group>
            <file>file:/P:/Intro%20to%20programming%202/COM373%20v2.5/src/com373/Create_SA.java</file>
            <file>file:/P:/Intro%20to%20programming%202/COM373%20v2.5/src/com373/COM373.java</file>
            <file>file:/P:/Intro%20to%20programming%202/COM373%20v2.5/src/com373/CA_Interface.java</file>
            <file>file:/P:/Intro%20to%20programming%202/COM373%20v2.5/src/com373/Frame.java</file>
            <file>file:/P:/Intro%20to%20programming%202/COM373%20v2.5/src/com373/SA_Interface.java</file>
            <file>file:/P:/Intro%20to%20programming%202/COM373%20v2.5/src/com373/Current_Account.java</file>
            <file>file:/P:/Intro%20to%20programming%202/COM373%20v2.5/src/com373/Create_CA.java</file>
            <file>file:/P:/Intro%20to%20programming%202/COM373%20v2.5/src/com373/Home_Page.java</file>
        </group>
    </open-files>
</project-private>
