<?xml version="1.0" encoding="UTF-8"?>
<project-private xmlns="http://www.netbeans.org/ns/project-private/1">
    <editor-bookmarks xmlns="http://www.netbeans.org/ns/editor-bookmarks/2" lastBookmarkId="0"/>
    <open-files xmlns="http://www.netbeans.org/ns/projectui-open-files/2">
        <group>
            <file>file:/C:/Users/Mac/Desktop/classwork/Intro%20to%20programming%202/COM373-MA_MB_RW_RM-master/src/com373/Frame.java</file>
            <file>file:/C:/Users/Mac/Desktop/classwork/Intro%20to%20programming%202/COM373-MA_MB_RW_RM-master/src/com373/Control_Panel.java</file>
        </group>
    </open-files>
</project-private>
